{
  "dashboard": "dashboard",
  "menu": "menu",
  "menu_user": "Users",
  "menu_user_add": "Add User",
  "menu_user_list": "Users List",
  "menu_nvr": "NVR Management",
  "menu_nvr_location": "Location",
  "menu_nvr_location_list": "Location List",
  "menu_nvr_location_add": "Add Location",
  "menu_nvr_list": "NVR List",
  "menu_nvr_add": "Add NVR",
  "menu_nvr_backup": "Backup",
  "menu_settings": "Settings",
  "menu_logout": "Logout",
  "page_users_title": "Users",
  "page_users_add_title": "Add User",
  "page_nvr_location_list_title": "Location List",
  "page_nvr_location_add_title": "Add Location"
}
